{"assets/fonts/DMIcons.ttf":["assets/fonts/DMIcons.ttf"],"assets/fonts/roboto/LICENSE.txt":["assets/fonts/roboto/LICENSE.txt"],"assets/fonts/roboto/Roboto-Black.ttf":["assets/fonts/roboto/Roboto-Black.ttf"],"assets/fonts/roboto/Roboto-BlackItalic.ttf":["assets/fonts/roboto/Roboto-BlackItalic.ttf"],"assets/fonts/roboto/Roboto-Bold.ttf":["assets/fonts/roboto/Roboto-Bold.ttf"],"assets/fonts/roboto/Roboto-BoldItalic.ttf":["assets/fonts/roboto/Roboto-BoldItalic.ttf"],"assets/fonts/roboto/Roboto-Italic.ttf":["assets/fonts/roboto/Roboto-Italic.ttf"],"assets/fonts/roboto/Roboto-Light.ttf":["assets/fonts/roboto/Roboto-Light.ttf"],"assets/fonts/roboto/Roboto-LightItalic.ttf":["assets/fonts/roboto/Roboto-LightItalic.ttf"],"assets/fonts/roboto/Roboto-Medium.ttf":["assets/fonts/roboto/Roboto-Medium.ttf"],"assets/fonts/roboto/Roboto-MediumItalic.ttf":["assets/fonts/roboto/Roboto-MediumItalic.ttf"],"assets/fonts/roboto/Roboto-Regular.ttf":["assets/fonts/roboto/Roboto-Regular.ttf"],"assets/fonts/roboto/Roboto-Thin.ttf":["assets/fonts/roboto/Roboto-Thin.ttf"],"assets/fonts/roboto/Roboto-ThinItalic.ttf":["assets/fonts/roboto/Roboto-ThinItalic.ttf"],"assets/images/customer-support.png":["assets/images/customer-support.png"],"assets/images/dashboard/Invite-to-earn.jpg":["assets/images/dashboard/Invite-to-earn.jpg"],"assets/images/dashboard/Wallet-topup.png":["assets/images/dashboard/Wallet-topup.png"],"assets/images/dashboard/Wallet-transfer.png":["assets/images/dashboard/Wallet-transfer.png"],"assets/images/dashboard/Wallet-withdraw.png":["assets/images/dashboard/Wallet-withdraw.png"],"assets/images/dashboard/agent-banner-bg-left.png":["assets/images/dashboard/agent-banner-bg-left.png"],"assets/images/dashboard/agent-banner-bg-right.png":["assets/images/dashboard/agent-banner-bg-right.png"],"assets/images/dashboard/agent-promotion-banner.png":["assets/images/dashboard/agent-promotion-banner.png"],"assets/images/dashboard/agent-promotion-bg.png":["assets/images/dashboard/agent-promotion-bg.png"],"assets/images/dashboard/android-qr.png":["assets/images/dashboard/android-qr.png"],"assets/images/dashboard/announcement-on-primary-active.png":["assets/images/dashboard/announcement-on-primary-active.png"],"assets/images/dashboard/announcement-on-primary.png":["assets/images/dashboard/announcement-on-primary.png"],"assets/images/dashboard/balance/ag.png":["assets/images/dashboard/balance/ag.png"],"assets/images/dashboard/balance/ebet.png":["assets/images/dashboard/balance/ebet.png"],"assets/images/dashboard/balance/ibc.png":["assets/images/dashboard/balance/ibc.png"],"assets/images/dashboard/balance/ob-esport.png":["assets/images/dashboard/balance/ob-esport.png"],"assets/images/dashboard/balance/ob-live.png":["assets/images/dashboard/balance/ob-live.png"],"assets/images/dashboard/balance/ob-sport.png":["assets/images/dashboard/balance/ob-sport.png"],"assets/images/dashboard/balance/ob.png":["assets/images/dashboard/balance/ob.png"],"assets/images/dashboard/balance/refresh-icon.png":["assets/images/dashboard/balance/refresh-icon.png"],"assets/images/dashboard/balance/topup-icon.png":["assets/images/dashboard/balance/topup-icon.png"],"assets/images/dashboard/balance/ug.png":["assets/images/dashboard/balance/ug.png"],"assets/images/dashboard/balance/withdraw-icon.png":["assets/images/dashboard/balance/withdraw-icon.png"],"assets/images/dashboard/banners/Banner-mein-bac.jpg":["assets/images/dashboard/banners/Banner-mein-bac.jpg"],"assets/images/dashboard/banners/Banner-private-instant.jpg":["assets/images/dashboard/banners/Banner-private-instant.jpg"],"assets/images/dashboard/banners/Baucua-1G.png":["assets/images/dashboard/banners/Baucua-1G.png"],"assets/images/dashboard/banners/Baucua-1P.png":["assets/images/dashboard/banners/Baucua-1P.png"],"assets/images/dashboard/banners/Casino-AG.png":["assets/images/dashboard/banners/Casino-AG.png"],"assets/images/dashboard/banners/Fishing-pt.png":["assets/images/dashboard/banners/Fishing-pt.png"],"assets/images/dashboard/banners/Loto-giveaway.jpg":["assets/images/dashboard/banners/Loto-giveaway.jpg"],"assets/images/dashboard/banners/Lotteries.png":["assets/images/dashboard/banners/Lotteries.png"],"assets/images/dashboard/banners/PP-Fishing.jpg":["assets/images/dashboard/banners/PP-Fishing.jpg"],"assets/images/dashboard/banners/Taixiu-1G.png":["assets/images/dashboard/banners/Taixiu-1G.png"],"assets/images/dashboard/banners/Taixiu-1P.png":["assets/images/dashboard/banners/Taixiu-1P.png"],"assets/images/dashboard/banners/Xocdia-1G.png":["assets/images/dashboard/banners/Xocdia-1G.png"],"assets/images/dashboard/banners/Xocdia-1P.png":["assets/images/dashboard/banners/Xocdia-1P.png"],"assets/images/dashboard/banners/afb88_sport.png":["assets/images/dashboard/banners/afb88_sport.png"],"assets/images/dashboard/banners/andar-bahar-icon.png":["assets/images/dashboard/banners/andar-bahar-icon.png"],"assets/images/dashboard/banners/baccarat-icon.png":["assets/images/dashboard/banners/baccarat-icon.png"],"assets/images/dashboard/banners/banner-live.png":["assets/images/dashboard/banners/banner-live.png"],"assets/images/dashboard/banners/banner-loto.png":["assets/images/dashboard/banners/banner-loto.png"],"assets/images/dashboard/banners/banner-poker.png":["assets/images/dashboard/banners/banner-poker.png"],"assets/images/dashboard/banners/banner-rebate.jpeg":["assets/images/dashboard/banners/banner-rebate.jpeg"],"assets/images/dashboard/banners/banner-sports.png":["assets/images/dashboard/banners/banner-sports.png"],"assets/images/dashboard/banners/banner-vip.jpeg":["assets/images/dashboard/banners/banner-vip.jpeg"],"assets/images/dashboard/banners/bg_fishing.png":["assets/images/dashboard/banners/bg_fishing.png"],"assets/images/dashboard/banners/bg_gaming_live.png":["assets/images/dashboard/banners/bg_gaming_live.png"],"assets/images/dashboard/banners/bit_sport.png":["assets/images/dashboard/banners/bit_sport.png"],"assets/images/dashboard/banners/bti_sport.png":["assets/images/dashboard/banners/bti_sport.png"],"assets/images/dashboard/banners/cq9_slot.png":["assets/images/dashboard/banners/cq9_slot.png"],"assets/images/dashboard/banners/dai-sen-fishing.png":["assets/images/dashboard/banners/dai-sen-fishing.png"],"assets/images/dashboard/banners/dragon-tiger-icon.png":["assets/images/dashboard/banners/dragon-tiger-icon.png"],"assets/images/dashboard/banners/eSports-PT.png":["assets/images/dashboard/banners/eSports-PT.png"],"assets/images/dashboard/banners/evolution_live.png":["assets/images/dashboard/banners/evolution_live.png"],"assets/images/dashboard/banners/gp_slot.png":["assets/images/dashboard/banners/gp_slot.png"],"assets/images/dashboard/banners/ibc_sport.png":["assets/images/dashboard/banners/ibc_sport.png"],"assets/images/dashboard/banners/jackpot_fishing.png":["assets/images/dashboard/banners/jackpot_fishing.png"],"assets/images/dashboard/banners/jili.png":["assets/images/dashboard/banners/jili.png"],"assets/images/dashboard/banners/ludo-quick-icon.png":["assets/images/dashboard/banners/ludo-quick-icon.png"],"assets/images/dashboard/banners/m-poker.png":["assets/images/dashboard/banners/m-poker.png"],"assets/images/dashboard/banners/mega_fishing.png":["assets/images/dashboard/banners/mega_fishing.png"],"assets/images/dashboard/banners/mg-slot.png":["assets/images/dashboard/banners/mg-slot.png"],"assets/images/dashboard/banners/pg-slot.png":["assets/images/dashboard/banners/pg-slot.png"],"assets/images/dashboard/banners/pp_live.png":["assets/images/dashboard/banners/pp_live.png"],"assets/images/dashboard/banners/pp_slot.png":["assets/images/dashboard/banners/pp_slot.png"],"assets/images/dashboard/banners/pp_sports.png":["assets/images/dashboard/banners/pp_sports.png"],"assets/images/dashboard/banners/pt-live.png":["assets/images/dashboard/banners/pt-live.png"],"assets/images/dashboard/banners/pt_slot.png":["assets/images/dashboard/banners/pt_slot.png"],"assets/images/dashboard/banners/red-tiger.png":["assets/images/dashboard/banners/red-tiger.png"],"assets/images/dashboard/banners/royal_fishing.png":["assets/images/dashboard/banners/royal_fishing.png"],"assets/images/dashboard/banners/rummy-icon.png":["assets/images/dashboard/banners/rummy-icon.png"],"assets/images/dashboard/banners/rummy.png":["assets/images/dashboard/banners/rummy.png"],"assets/images/dashboard/banners/sa_live.png":["assets/images/dashboard/banners/sa_live.png"],"assets/images/dashboard/banners/sbo_gaming.png":["assets/images/dashboard/banners/sbo_gaming.png"],"assets/images/dashboard/banners/sbo_live.png":["assets/images/dashboard/banners/sbo_live.png"],"assets/images/dashboard/banners/sbo_slot.png":["assets/images/dashboard/banners/sbo_slot.png"],"assets/images/dashboard/banners/sbo_sport.png":["assets/images/dashboard/banners/sbo_sport.png"],"assets/images/dashboard/banners/seven-up-down-icon.png":["assets/images/dashboard/banners/seven-up-down-icon.png"],"assets/images/dashboard/banners/sexy_live.png":["assets/images/dashboard/banners/sexy_live.png"],"assets/images/dashboard/banners/sv388.png":["assets/images/dashboard/banners/sv388.png"],"assets/images/dashboard/banners/teen-patti-20-20-icon.png":["assets/images/dashboard/banners/teen-patti-20-20-icon.png"],"assets/images/dashboard/banners/teen-patti-icon.png":["assets/images/dashboard/banners/teen-patti-icon.png"],"assets/images/dashboard/banners/teen-patti-joker-icon.png":["assets/images/dashboard/banners/teen-patti-joker-icon.png"],"assets/images/dashboard/banners/teen_patti.png":["assets/images/dashboard/banners/teen_patti.png"],"assets/images/dashboard/banners/wan_wei_live.png":["assets/images/dashboard/banners/wan_wei_live.png"],"assets/images/dashboard/banners/xiyou-fishing.png":["assets/images/dashboard/banners/xiyou-fishing.png"],"assets/images/dashboard/become-agent.png":["assets/images/dashboard/become-agent.png"],"assets/images/dashboard/bottom-navigations/agent-active.png":["assets/images/dashboard/bottom-navigations/agent-active.png"],"assets/images/dashboard/bottom-navigations/agent.png":["assets/images/dashboard/bottom-navigations/agent.png"],"assets/images/dashboard/bottom-navigations/home-active.png":["assets/images/dashboard/bottom-navigations/home-active.png"],"assets/images/dashboard/bottom-navigations/home.png":["assets/images/dashboard/bottom-navigations/home.png"],"assets/images/dashboard/bottom-navigations/profile-active.png":["assets/images/dashboard/bottom-navigations/profile-active.png"],"assets/images/dashboard/bottom-navigations/profile.png":["assets/images/dashboard/bottom-navigations/profile.png"],"assets/images/dashboard/bottom-navigations/promo-active.png":["assets/images/dashboard/bottom-navigations/promo-active.png"],"assets/images/dashboard/bottom-navigations/promo.png":["assets/images/dashboard/bottom-navigations/promo.png"],"assets/images/dashboard/bottom-navigations/stream-active.png":["assets/images/dashboard/bottom-navigations/stream-active.png"],"assets/images/dashboard/bottom-navigations/stream.png":["assets/images/dashboard/bottom-navigations/stream.png"],"assets/images/dashboard/bottom-navigations/video-active.png":["assets/images/dashboard/bottom-navigations/video-active.png"],"assets/images/dashboard/bottom-navigations/video.png":["assets/images/dashboard/bottom-navigations/video.png"],"assets/images/dashboard/carousel-image-1.jpg":["assets/images/dashboard/carousel-image-1.jpg"],"assets/images/dashboard/categories/casino-active-icon.png":["assets/images/dashboard/categories/casino-active-icon.png"],"assets/images/dashboard/categories/casino-icon.png":["assets/images/dashboard/categories/casino-icon.png"],"assets/images/dashboard/categories/category-active.png":["assets/images/dashboard/categories/category-active.png"],"assets/images/dashboard/categories/category-inactive.png":["assets/images/dashboard/categories/category-inactive.png"],"assets/images/dashboard/categories/esports-active-icon.png":["assets/images/dashboard/categories/esports-active-icon.png"],"assets/images/dashboard/categories/esports-icon.png":["assets/images/dashboard/categories/esports-icon.png"],"assets/images/dashboard/categories/fishing-active-icon.png":["assets/images/dashboard/categories/fishing-active-icon.png"],"assets/images/dashboard/categories/fishing-icon.png":["assets/images/dashboard/categories/fishing-icon.png"],"assets/images/dashboard/categories/games-active-icon.png":["assets/images/dashboard/categories/games-active-icon.png"],"assets/images/dashboard/categories/games-icon.png":["assets/images/dashboard/categories/games-icon.png"],"assets/images/dashboard/categories/hot-active.png":["assets/images/dashboard/categories/hot-active.png"],"assets/images/dashboard/categories/hot.png":["assets/images/dashboard/categories/hot.png"],"assets/images/dashboard/categories/lotteries-active-icon.png":["assets/images/dashboard/categories/lotteries-active-icon.png"],"assets/images/dashboard/categories/lotteries-icon.png":["assets/images/dashboard/categories/lotteries-icon.png"],"assets/images/dashboard/categories/slots-active-icon.png":["assets/images/dashboard/categories/slots-active-icon.png"],"assets/images/dashboard/categories/slots-icon.png":["assets/images/dashboard/categories/slots-icon.png"],"assets/images/dashboard/categories/sports-active-icon.png":["assets/images/dashboard/categories/sports-active-icon.png"],"assets/images/dashboard/categories/sports-icon.png":["assets/images/dashboard/categories/sports-icon.png"],"assets/images/dashboard/coin-fly.png":["assets/images/dashboard/coin-fly.png"],"assets/images/dashboard/customer-support-icon.png":["assets/images/dashboard/customer-support-icon.png"],"assets/images/dashboard/dashboard-bg.png":["assets/images/dashboard/dashboard-bg.png"],"assets/images/dashboard/fpay-icon.png":["assets/images/dashboard/fpay-icon.png"],"assets/images/dashboard/get-bonus.png":["assets/images/dashboard/get-bonus.png"],"assets/images/dashboard/home-announcement-active.png":["assets/images/dashboard/home-announcement-active.png"],"assets/images/dashboard/home-announcement.png":["assets/images/dashboard/home-announcement.png"],"assets/images/dashboard/hot-icon.png":["assets/images/dashboard/hot-icon.png"],"assets/images/dashboard/hourglass.png":["assets/images/dashboard/hourglass.png"],"assets/images/dashboard/ios-qr.png":["assets/images/dashboard/ios-qr.png"],"assets/images/dashboard/leader.png":["assets/images/dashboard/leader.png"],"assets/images/dashboard/logo.png":["assets/images/dashboard/logo.png"],"assets/images/dashboard/members.png":["assets/images/dashboard/members.png"],"assets/images/dashboard/placeholders/avatar-0.png":["assets/images/dashboard/placeholders/avatar-0.png"],"assets/images/dashboard/placeholders/avatar-1.png":["assets/images/dashboard/placeholders/avatar-1.png"],"assets/images/dashboard/placeholders/avatar-2.png":["assets/images/dashboard/placeholders/avatar-2.png"],"assets/images/dashboard/placeholders/avatar-3.png":["assets/images/dashboard/placeholders/avatar-3.png"],"assets/images/dashboard/placeholders/avatar-4.png":["assets/images/dashboard/placeholders/avatar-4.png"],"assets/images/dashboard/placeholders/bank-icon.png":["assets/images/dashboard/placeholders/bank-icon.png"],"assets/images/dashboard/placeholders/vietbank.png":["assets/images/dashboard/placeholders/vietbank.png"],"assets/images/dashboard/pop-up.png":["assets/images/dashboard/pop-up.png"],"assets/images/dashboard/promotion-approved.png":["assets/images/dashboard/promotion-approved.png"],"assets/images/dashboard/promotion-coins.png":["assets/images/dashboard/promotion-coins.png"],"assets/images/dashboard/promotion-default.jpg":["assets/images/dashboard/promotion-default.jpg"],"assets/images/dashboard/promotion-pending.png":["assets/images/dashboard/promotion-pending.png"],"assets/images/dashboard/promotion-rejected.png":["assets/images/dashboard/promotion-rejected.png"],"assets/images/dashboard/promotion_diamond.png":["assets/images/dashboard/promotion_diamond.png"],"assets/images/dashboard/scan-qr-icon.png":["assets/images/dashboard/scan-qr-icon.png"],"assets/images/dashboard/secuiry_analysis_bg.png":["assets/images/dashboard/secuiry_analysis_bg.png"],"assets/images/dashboard/security-scan-bg.flr":["assets/images/dashboard/security-scan-bg.flr"],"assets/images/dashboard/security-scan.flr":["assets/images/dashboard/security-scan.flr"],"assets/images/dashboard/shield-lg-icon.png":["assets/images/dashboard/shield-lg-icon.png"],"assets/images/dashboard/task.jpg":["assets/images/dashboard/task.jpg"],"assets/images/fixtures/dummy.png":["assets/images/fixtures/dummy.png"],"assets/images/games/dice_3/dice-1.png":["assets/images/games/dice_3/dice-1.png"],"assets/images/games/dice_3/dice-2.png":["assets/images/games/dice_3/dice-2.png"],"assets/images/games/dice_3/dice-3.png":["assets/images/games/dice_3/dice-3.png"],"assets/images/games/dice_3/dice-4.png":["assets/images/games/dice_3/dice-4.png"],"assets/images/games/dice_3/dice-5.png":["assets/images/games/dice_3/dice-5.png"],"assets/images/games/dice_3/dice-6.png":["assets/images/games/dice_3/dice-6.png"],"assets/images/games/fpc/chicken-result.png":["assets/images/games/fpc/chicken-result.png"],"assets/images/games/fpc/crab-result.png":["assets/images/games/fpc/crab-result.png"],"assets/images/games/fpc/deer-result.png":["assets/images/games/fpc/deer-result.png"],"assets/images/games/fpc/fish-result.png":["assets/images/games/fpc/fish-result.png"],"assets/images/games/fpc/groud-bottle-result.png":["assets/images/games/fpc/groud-bottle-result.png"],"assets/images/games/fpc/prawn-result.png":["assets/images/games/fpc/prawn-result.png"],"assets/images/games/red_black/red.png":["assets/images/games/red_black/red.png"],"assets/images/games/red_black/white.png":["assets/images/games/red_black/white.png"],"assets/images/icon-small.png":["assets/images/icon-small.png"],"assets/images/intro/casino.png":["assets/images/intro/casino.png"],"assets/images/intro/dice.png":["assets/images/intro/dice.png"],"assets/images/intro/lucky.png":["assets/images/intro/lucky.png"],"assets/images/login-dm-logo.png":["assets/images/login-dm-logo.png"],"assets/images/logo-lux.png":["assets/images/logo-lux.png"],"assets/images/logos/logo-with-slogan.png":["assets/images/logos/logo-with-slogan.png"],"assets/images/logos/logo.png":["assets/images/logos/logo.png"],"assets/images/logos/qr-overlay-logo.png":["assets/images/logos/qr-overlay-logo.png"],"assets/images/lottery/.DS_Store":["assets/images/lottery/.DS_Store"],"assets/images/lottery/bet-icon.png":["assets/images/lottery/bet-icon.png"],"assets/images/lottery/fireworks.flr":["assets/images/lottery/fireworks.flr"],"assets/images/lottery/logos/an-giang.png":["assets/images/lottery/logos/an-giang.png"],"assets/images/lottery/logos/bac-lieu.png":["assets/images/lottery/logos/bac-lieu.png"],"assets/images/lottery/logos/ben-tre.png":["assets/images/lottery/logos/ben-tre.png"],"assets/images/lottery/logos/binh-dinh.png":["assets/images/lottery/logos/binh-dinh.png"],"assets/images/lottery/logos/binh-duong.png":["assets/images/lottery/logos/binh-duong.png"],"assets/images/lottery/logos/binh-phuoc.png":["assets/images/lottery/logos/binh-phuoc.png"],"assets/images/lottery/logos/binh-thuan.png":["assets/images/lottery/logos/binh-thuan.png"],"assets/images/lottery/logos/ca-mau.png":["assets/images/lottery/logos/ca-mau.png"],"assets/images/lottery/logos/can-tho.png":["assets/images/lottery/logos/can-tho.png"],"assets/images/lottery/logos/da-lat.png":["assets/images/lottery/logos/da-lat.png"],"assets/images/lottery/logos/da-nang.png":["assets/images/lottery/logos/da-nang.png"],"assets/images/lottery/logos/dac-biet-18h25.png":["assets/images/lottery/logos/dac-biet-18h25.png"],"assets/images/lottery/logos/dac-lac.png":["assets/images/lottery/logos/dac-lac.png"],"assets/images/lottery/logos/dac-nong.png":["assets/images/lottery/logos/dac-nong.png"],"assets/images/lottery/logos/dong-nai.png":["assets/images/lottery/logos/dong-nai.png"],"assets/images/lottery/logos/dong-thap.png":["assets/images/lottery/logos/dong-thap.png"],"assets/images/lottery/logos/gai-lai.png":["assets/images/lottery/logos/gai-lai.png"],"assets/images/lottery/logos/games/ag-live.png":["assets/images/lottery/logos/games/ag-live.png"],"assets/images/lottery/logos/games/ag-slot.png":["assets/images/lottery/logos/games/ag-slot.png"],"assets/images/lottery/logos/games/ag-sport.png":["assets/images/lottery/logos/games/ag-sport.png"],"assets/images/lottery/logos/games/ebet-live.png":["assets/images/lottery/logos/games/ebet-live.png"],"assets/images/lottery/logos/games/ibc-sport.png":["assets/images/lottery/logos/games/ibc-sport.png"],"assets/images/lottery/logos/games/pt-live.png":["assets/images/lottery/logos/games/pt-live.png"],"assets/images/lottery/logos/games/pt-slot.png":["assets/images/lottery/logos/games/pt-slot.png"],"assets/images/lottery/logos/ha-noi-vip.png":["assets/images/lottery/logos/ha-noi-vip.png"],"assets/images/lottery/logos/hau-giang.png":["assets/images/lottery/logos/hau-giang.png"],"assets/images/lottery/logos/ho-chi-minh-t2.png":["assets/images/lottery/logos/ho-chi-minh-t2.png"],"assets/images/lottery/logos/ho-chi-minh-t7.png":["assets/images/lottery/logos/ho-chi-minh-t7.png"],"assets/images/lottery/logos/ho-chi-minh-vip.png":["assets/images/lottery/logos/ho-chi-minh-vip.png"],"assets/images/lottery/logos/ho-chi-minh.png":["assets/images/lottery/logos/ho-chi-minh.png"],"assets/images/lottery/logos/hue.png":["assets/images/lottery/logos/hue.png"],"assets/images/lottery/logos/khanh-hoa.png":["assets/images/lottery/logos/khanh-hoa.png"],"assets/images/lottery/logos/kien-giang.png":["assets/images/lottery/logos/kien-giang.png"],"assets/images/lottery/logos/kon-tum.png":["assets/images/lottery/logos/kon-tum.png"],"assets/images/lottery/logos/long-an.png":["assets/images/lottery/logos/long-an.png"],"assets/images/lottery/logos/mega-1-min.png":["assets/images/lottery/logos/mega-1-min.png"],"assets/images/lottery/logos/mega-1-sec.png":["assets/images/lottery/logos/mega-1-sec.png"],"assets/images/lottery/logos/mien-bac.png":["assets/images/lottery/logos/mien-bac.png"],"assets/images/lottery/logos/ninh-thuan.png":["assets/images/lottery/logos/ninh-thuan.png"],"assets/images/lottery/logos/phu-yen.png":["assets/images/lottery/logos/phu-yen.png"],"assets/images/lottery/logos/private-1-min.png":["assets/images/lottery/logos/private-1-min.png"],"assets/images/lottery/logos/private-1-sec.png":["assets/images/lottery/logos/private-1-sec.png"],"assets/images/lottery/logos/private-1point5-min.png":["assets/images/lottery/logos/private-1point5-min.png"],"assets/images/lottery/logos/private-2-min.png":["assets/images/lottery/logos/private-2-min.png"],"assets/images/lottery/logos/private-45-sec.png":["assets/images/lottery/logos/private-45-sec.png"],"assets/images/lottery/logos/private-5-min.png":["assets/images/lottery/logos/private-5-min.png"],"assets/images/lottery/logos/quang-binh.png":["assets/images/lottery/logos/quang-binh.png"],"assets/images/lottery/logos/quang-nam.png":["assets/images/lottery/logos/quang-nam.png"],"assets/images/lottery/logos/quang-ngai.png":["assets/images/lottery/logos/quang-ngai.png"],"assets/images/lottery/logos/quang-tri.png":["assets/images/lottery/logos/quang-tri.png"],"assets/images/lottery/logos/soc-trang.png":["assets/images/lottery/logos/soc-trang.png"],"assets/images/lottery/logos/tay-ninh.png":["assets/images/lottery/logos/tay-ninh.png"],"assets/images/lottery/logos/thua-thien-hue.png":["assets/images/lottery/logos/thua-thien-hue.png"],"assets/images/lottery/logos/tien-giang.png":["assets/images/lottery/logos/tien-giang.png"],"assets/images/lottery/logos/tra-vinh.png":["assets/images/lottery/logos/tra-vinh.png"],"assets/images/lottery/logos/vinh-long.png":["assets/images/lottery/logos/vinh-long.png"],"assets/images/lottery/logos/vung-tau.png":["assets/images/lottery/logos/vung-tau.png"],"assets/images/lottery/qp-all.png":["assets/images/lottery/qp-all.png"],"assets/images/lottery/qp-clear.png":["assets/images/lottery/qp-clear.png"],"assets/images/lottery/qp-even.png":["assets/images/lottery/qp-even.png"],"assets/images/lottery/qp-large.png":["assets/images/lottery/qp-large.png"],"assets/images/lottery/qp-odd.png":["assets/images/lottery/qp-odd.png"],"assets/images/lottery/qp-small.png":["assets/images/lottery/qp-small.png"],"assets/images/lottery/top-bar/top-logo-afb.png":["assets/images/lottery/top-bar/top-logo-afb.png"],"assets/images/lottery/top-bar/top-logo-bg.png":["assets/images/lottery/top-bar/top-logo-bg.png"],"assets/images/lottery/top-bar/top-logo-bti.png":["assets/images/lottery/top-bar/top-logo-bti.png"],"assets/images/lottery/top-bar/top-logo-cq9.png":["assets/images/lottery/top-bar/top-logo-cq9.png"],"assets/images/lottery/top-bar/top-logo-dice.png":["assets/images/lottery/top-bar/top-logo-dice.png"],"assets/images/lottery/top-bar/top-logo-evolution-gaming.png":["assets/images/lottery/top-bar/top-logo-evolution-gaming.png"],"assets/images/lottery/top-bar/top-logo-evolution.png":["assets/images/lottery/top-bar/top-logo-evolution.png"],"assets/images/lottery/top-bar/top-logo-fishdice.png":["assets/images/lottery/top-bar/top-logo-fishdice.png"],"assets/images/lottery/top-bar/top-logo-gp.png":["assets/images/lottery/top-bar/top-logo-gp.png"],"assets/images/lottery/top-bar/top-logo-ibc.png":["assets/images/lottery/top-bar/top-logo-ibc.png"],"assets/images/lottery/top-bar/top-logo-jackpot-fishing.png":["assets/images/lottery/top-bar/top-logo-jackpot-fishing.png"],"assets/images/lottery/top-bar/top-logo-jili.png":["assets/images/lottery/top-bar/top-logo-jili.png"],"assets/images/lottery/top-bar/top-logo-m-poker.png":["assets/images/lottery/top-bar/top-logo-m-poker.png"],"assets/images/lottery/top-bar/top-logo-mega.png":["assets/images/lottery/top-bar/top-logo-mega.png"],"assets/images/lottery/top-bar/top-logo-microgaming.png":["assets/images/lottery/top-bar/top-logo-microgaming.png"],"assets/images/lottery/top-bar/top-logo-pg.png":["assets/images/lottery/top-bar/top-logo-pg.png"],"assets/images/lottery/top-bar/top-logo-pp.png":["assets/images/lottery/top-bar/top-logo-pp.png"],"assets/images/lottery/top-bar/top-logo-pt-slot.png":["assets/images/lottery/top-bar/top-logo-pt-slot.png"],"assets/images/lottery/top-bar/top-logo-red-tiger.png":["assets/images/lottery/top-bar/top-logo-red-tiger.png"],"assets/images/lottery/top-bar/top-logo-royal-fishing.png":["assets/images/lottery/top-bar/top-logo-royal-fishing.png"],"assets/images/lottery/top-bar/top-logo-rummy.png":["assets/images/lottery/top-bar/top-logo-rummy.png"],"assets/images/lottery/top-bar/top-logo-rw.png":["assets/images/lottery/top-bar/top-logo-rw.png"],"assets/images/lottery/top-bar/top-logo-sa.png":["assets/images/lottery/top-bar/top-logo-sa.png"],"assets/images/lottery/top-bar/top-logo-sbo-games.png":["assets/images/lottery/top-bar/top-logo-sbo-games.png"],"assets/images/lottery/top-bar/top-logo-sbo-slot.png":["assets/images/lottery/top-bar/top-logo-sbo-slot.png"],"assets/images/lottery/top-bar/top-logo-sbo.png":["assets/images/lottery/top-bar/top-logo-sbo.png"],"assets/images/lottery/top-bar/top-logo-sexy-baccarat.png":["assets/images/lottery/top-bar/top-logo-sexy-baccarat.png"],"assets/images/lottery/top-bar/top-logo-sv388.png":["assets/images/lottery/top-bar/top-logo-sv388.png"],"assets/images/lottery/top-bar/top-logo-wan-mei.png":["assets/images/lottery/top-bar/top-logo-wan-mei.png"],"assets/images/lottery/top-bar/top-logo-wm.png":["assets/images/lottery/top-bar/top-logo-wm.png"],"assets/images/menu-drawer-icon.png":["assets/images/menu-drawer-icon.png"],"assets/images/pomotion-background.png":["assets/images/pomotion-background.png"],"assets/images/rankings/collected.png":["assets/images/rankings/collected.png"],"assets/images/rankings/lelve-5-thumbnail.png":["assets/images/rankings/lelve-5-thumbnail.png"],"assets/images/rankings/level-1-icon.png":["assets/images/rankings/level-1-icon.png"],"assets/images/rankings/level-1-thumbnail.png":["assets/images/rankings/level-1-thumbnail.png"],"assets/images/rankings/level-2-icon.png":["assets/images/rankings/level-2-icon.png"],"assets/images/rankings/level-2-thumbnail.png":["assets/images/rankings/level-2-thumbnail.png"],"assets/images/rankings/level-3-icon.png":["assets/images/rankings/level-3-icon.png"],"assets/images/rankings/level-3-thumbnail.png":["assets/images/rankings/level-3-thumbnail.png"],"assets/images/rankings/level-4-icon.png":["assets/images/rankings/level-4-icon.png"],"assets/images/rankings/level-4-thumbnail.png":["assets/images/rankings/level-4-thumbnail.png"],"assets/images/rankings/level-5-icon.png":["assets/images/rankings/level-5-icon.png"],"assets/images/rankings/level-6-icon.png":["assets/images/rankings/level-6-icon.png"],"assets/images/rankings/level-6-thumbnail.png":["assets/images/rankings/level-6-thumbnail.png"],"assets/images/rankings/lv-01-thumbnail.png":["assets/images/rankings/lv-01-thumbnail.png"],"assets/images/rankings/lv-01.png":["assets/images/rankings/lv-01.png"],"assets/images/rankings/lv-02-thumbnail.png":["assets/images/rankings/lv-02-thumbnail.png"],"assets/images/rankings/lv-02.png":["assets/images/rankings/lv-02.png"],"assets/images/rankings/lv-03-thumbnail.png":["assets/images/rankings/lv-03-thumbnail.png"],"assets/images/rankings/lv-03.png":["assets/images/rankings/lv-03.png"],"assets/images/rankings/lv-04-thumbnail.png":["assets/images/rankings/lv-04-thumbnail.png"],"assets/images/rankings/lv-04.png":["assets/images/rankings/lv-04.png"],"assets/images/rankings/lv-05-thumbnail.png":["assets/images/rankings/lv-05-thumbnail.png"],"assets/images/rankings/lv-05.png":["assets/images/rankings/lv-05.png"],"assets/images/records/Active-Tracing.png":["assets/images/records/Active-Tracing.png"],"assets/images/records/Active-balance.png":["assets/images/records/Active-balance.png"],"assets/images/records/Active-history.png":["assets/images/records/Active-history.png"],"assets/images/records/Active-report.png":["assets/images/records/Active-report.png"],"assets/images/records/Active-results.png":["assets/images/records/Active-results.png"],"assets/images/records/Record-Account.png":["assets/images/records/Record-Account.png"],"assets/images/records/Record-Favourite.png":["assets/images/records/Record-Favourite.png"],"assets/images/records/Record-FnQ.png":["assets/images/records/Record-FnQ.png"],"assets/images/records/Record-Security.png":["assets/images/records/Record-Security.png"],"assets/images/records/Record-Topup.png":["assets/images/records/Record-Topup.png"],"assets/images/records/Record-Transfer.png":["assets/images/records/Record-Transfer.png"],"assets/images/records/Record-announcement.png":["assets/images/records/Record-announcement.png"],"assets/images/records/Record-bankCard.png":["assets/images/records/Record-bankCard.png"],"assets/images/records/Record-version.png":["assets/images/records/Record-version.png"],"assets/images/records/Record-withdraw.png":["assets/images/records/Record-withdraw.png"],"assets/images/records/banks/ABBank.png":["assets/images/records/banks/ABBank.png"],"assets/images/records/banks/ACBBank.png":["assets/images/records/banks/ACBBank.png"],"assets/images/records/banks/AgriBank.png":["assets/images/records/banks/AgriBank.png"],"assets/images/records/banks/BIDV.png":["assets/images/records/banks/BIDV.png"],"assets/images/records/banks/BacABank.png":["assets/images/records/banks/BacABank.png"],"assets/images/records/banks/BanViet.png":["assets/images/records/banks/BanViet.png"],"assets/images/records/banks/BaovietBank.png":["assets/images/records/banks/BaovietBank.png"],"assets/images/records/banks/BidvBank.png":["assets/images/records/banks/BidvBank.png"],"assets/images/records/banks/DongA.png":["assets/images/records/banks/DongA.png"],"assets/images/records/banks/EximBank.png":["assets/images/records/banks/EximBank.png"],"assets/images/records/banks/HDBank.png":["assets/images/records/banks/HDBank.png"],"assets/images/records/banks/HSBCBank.png":["assets/images/records/banks/HSBCBank.png"],"assets/images/records/banks/KienlongBank.png":["assets/images/records/banks/KienlongBank.png"],"assets/images/records/banks/LPB.png":["assets/images/records/banks/LPB.png"],"assets/images/records/banks/MBBank.png":["assets/images/records/banks/MBBank.png"],"assets/images/records/banks/MSBBank.png":["assets/images/records/banks/MSBBank.png"],"assets/images/records/banks/NamABank.png":["assets/images/records/banks/NamABank.png"],"assets/images/records/banks/OCBBank.png":["assets/images/records/banks/OCBBank.png"],"assets/images/records/banks/PVComBank.png":["assets/images/records/banks/PVComBank.png"],"assets/images/records/banks/SCBBank.png":["assets/images/records/banks/SCBBank.png"],"assets/images/records/banks/SHB.png":["assets/images/records/banks/SHB.png"],"assets/images/records/banks/SacomBank.png":["assets/images/records/banks/SacomBank.png"],"assets/images/records/banks/SeABank.png":["assets/images/records/banks/SeABank.png"],"assets/images/records/banks/ShinHanBank.png":["assets/images/records/banks/ShinHanBank.png"],"assets/images/records/banks/TPBank.png":["assets/images/records/banks/TPBank.png"],"assets/images/records/banks/TechcomBank.png":["assets/images/records/banks/TechcomBank.png"],"assets/images/records/banks/VPBank.png":["assets/images/records/banks/VPBank.png"],"assets/images/records/banks/VibBank.png":["assets/images/records/banks/VibBank.png"],"assets/images/records/banks/VietcomBank.png":["assets/images/records/banks/VietcomBank.png"],"assets/images/records/banks/VietinBank.png":["assets/images/records/banks/VietinBank.png"],"assets/images/records/coin-icon.png":["assets/images/records/coin-icon.png"],"assets/images/records/game-background/blue-bg.png":["assets/images/records/game-background/blue-bg.png"],"assets/images/records/game-background/disable.png":["assets/images/records/game-background/disable.png"],"assets/images/records/game-background/green-bg.png":["assets/images/records/game-background/green-bg.png"],"assets/images/records/game-background/grey-bg.png":["assets/images/records/game-background/grey-bg.png"],"assets/images/records/game-background/light-green-bg.png":["assets/images/records/game-background/light-green-bg.png"],"assets/images/records/game-background/orange-bg.png":["assets/images/records/game-background/orange-bg.png"],"assets/images/records/game-background/pink-bg.png":["assets/images/records/game-background/pink-bg.png"],"assets/images/records/game-background/purple-bg.png":["assets/images/records/game-background/purple-bg.png"],"assets/images/records/game-background/red-bg.png":["assets/images/records/game-background/red-bg.png"],"assets/images/records/game-background/yellow-bg.png":["assets/images/records/game-background/yellow-bg.png"],"assets/images/records/records-bg.png":["assets/images/records/records-bg.png"],"assets/images/records/tier-icon.png":["assets/images/records/tier-icon.png"],"packages/cupertino_icons/assets/CupertinoIcons.ttf":["packages/cupertino_icons/assets/CupertinoIcons.ttf"],"packages/easy_localization/i18n/ar-DZ.json":["packages/easy_localization/i18n/ar-DZ.json"],"packages/easy_localization/i18n/ar.json":["packages/easy_localization/i18n/ar.json"],"packages/easy_localization/i18n/en-US.json":["packages/easy_localization/i18n/en-US.json"],"packages/easy_localization/i18n/en.json":["packages/easy_localization/i18n/en.json"]}