[{"family":"MaterialIcons","fonts":[{"asset":"fonts/MaterialIcons-Regular.otf"}]},{"family":"DMIcons","fonts":[{"asset":"assets/fonts/DMIcons.ttf"}]},{"family":"Roboto","fonts":[{"weight":100,"asset":"assets/fonts/roboto/Roboto-Thin.ttf"},{"weight":200,"asset":"assets/fonts/roboto/Roboto-Thin.ttf"},{"weight":300,"asset":"assets/fonts/roboto/Roboto-Light.ttf"},{"weight":400,"asset":"assets/fonts/roboto/Roboto-Regular.ttf"},{"weight":500,"asset":"assets/fonts/roboto/Roboto-Medium.ttf"},{"weight":600,"asset":"assets/fonts/roboto/Roboto-Medium.ttf"},{"weight":700,"asset":"assets/fonts/roboto/Roboto-Bold.ttf"},{"weight":800,"asset":"assets/fonts/roboto/Roboto-Bold.ttf"},{"weight":900,"asset":"assets/fonts/roboto/Roboto-Black.ttf"}]},{"family":"packages/cupertino_icons/CupertinoIcons","fonts":[{"asset":"packages/cupertino_icons/assets/CupertinoIcons.ttf"}]}]